start_time,end_time,action_name
2026-04-23 16:02:02,2026-04-23 16:18:49,ANTENNA 14.1 (ACR=ON)
2026-04-23 16:20:56,2026-04-23 16:37:45,ANTENNA (ACR=ON)
2026-04-23 16:39:51,2026-04-23 16:56:01,HDMI (ACR=ON)
2026-04-23 16:58:08,2026-04-23 17:14:55,ANTENNA 10.1 (ACR=ON)
2026-04-23 17:17:02,2026-04-23 17:51:06,NETFLIX (ACR=ON)
2026-04-23 17:53:12,2026-04-23 18:09:13,IDLE (ACR=ON)
2026-04-23 18:11:19,2026-04-23 18:28:39,TUBI (ACR=ON)
2026-04-23 18:30:45,2026-04-23 18:47:11,FAST (ACR=ON)
2026-04-23 18:49:18,2026-04-23 19:07:38,YOUTUBE (ACR=ON)
2026-04-23 19:09:45,2026-04-23 19:09:45,ACR toggle: ON → OFF
2026-04-23 19:14:59,2026-04-23 19:31:48,ANTENNA 14.1 (ACR=OFF)
2026-04-23 19:33:55,2026-04-23 19:50:48,ANTENNA (ACR=OFF)
2026-04-23 19:52:55,2026-04-23 20:09:06,HDMI (ACR=OFF)
2026-04-23 20:11:12,2026-04-23 20:28:03,ANTENNA 10.1 (ACR=OFF)
2026-04-23 20:30:09,2026-04-23 21:04:25,NETFLIX (ACR=OFF)
2026-04-23 21:06:32,2026-04-23 21:22:33,IDLE (ACR=OFF)
2026-04-23 21:24:41,2026-04-23 21:41:54,TUBI (ACR=OFF)
2026-04-23 21:44:00,2026-04-23 22:00:32,FAST (ACR=OFF)
2026-04-23 22:02:38,2026-04-23 22:22:41,YOUTUBE (ACR=OFF)
2026-04-23 22:24:48,2026-04-23 22:24:48,ACR toggle: OFF → ON
2026-04-23 22:30:20,2026-04-23 22:47:15,ANTENNA 10.1 (ACR=ON)
2026-04-23 22:49:21,2026-04-23 23:06:07,ANTENNA (ACR=ON)
2026-04-23 23:08:13,2026-04-23 23:26:52,YOUTUBE (ACR=ON)
2026-04-23 23:28:59,2026-04-23 23:45:29,FAST (ACR=ON)
2026-04-24 00:05:53,2026-04-24 00:21:53,IDLE (ACR=ON)
2026-04-24 00:24:03,2026-04-24 00:58:08,NETFLIX (ACR=ON)
2026-04-24 01:00:15,2026-04-24 01:17:25,ANTENNA 14.1 (ACR=ON)
2026-04-24 01:19:31,2026-04-24 01:36:44,TUBI (ACR=ON)
2026-04-24 01:38:50,2026-04-24 01:38:50,ACR toggle: ON → OFF
2026-04-24 01:43:33,2026-04-24 02:00:24,ANTENNA 10.1 (ACR=OFF)
2026-04-24 02:02:30,2026-04-24 02:19:19,ANTENNA (ACR=OFF)
2026-04-24 02:21:25,2026-04-24 02:40:00,YOUTUBE (ACR=OFF)
2026-04-24 02:42:07,2026-04-24 02:58:36,FAST (ACR=OFF)
2026-04-24 03:00:44,2026-04-24 03:17:14,HDMI (ACR=OFF)
2026-04-24 03:19:21,2026-04-24 03:35:25,IDLE (ACR=OFF)
2026-04-24 03:37:31,2026-04-24 04:11:45,NETFLIX (ACR=OFF)
2026-04-24 04:13:51,2026-04-24 04:31:04,ANTENNA 14.1 (ACR=OFF)
2026-04-24 04:33:10,2026-04-24 04:50:25,TUBI (ACR=OFF)
2026-04-24 04:52:31,2026-04-24 05:11:40,YOUTUBE (ACR=OFF)
2026-04-24 05:13:46,2026-04-24 05:30:31,FAST (ACR=OFF)
2026-04-24 05:32:38,2026-04-24 05:49:27,ANTENNA 14.1 (ACR=OFF)
2026-04-24 05:51:36,2026-04-24 06:08:51,TUBI (ACR=OFF)
2026-04-24 06:10:58,2026-04-24 06:26:59,IDLE (ACR=OFF)
2026-04-24 06:29:07,2026-04-24 06:45:53,ANTENNA (ACR=OFF)
2026-04-24 06:47:59,2026-04-24 07:04:08,HDMI (ACR=OFF)
2026-04-24 07:06:15,2026-04-24 07:23:48,ANTENNA 10.1 (ACR=OFF)
2026-04-24 07:25:54,2026-04-24 08:00:02,NETFLIX (ACR=OFF)
2026-04-24 08:02:09,2026-04-24 08:02:09,ACR toggle: OFF → ON
2026-04-24 08:07:41,2026-04-24 08:26:28,YOUTUBE (ACR=ON)
2026-04-24 08:28:35,2026-04-24 08:45:01,FAST (ACR=ON)
2026-04-24 08:47:07,2026-04-24 09:03:54,ANTENNA 14.1 (ACR=ON)
2026-04-24 09:06:01,2026-04-24 09:23:12,TUBI (ACR=ON)
2026-04-24 09:25:18,2026-04-24 09:41:19,IDLE (ACR=ON)
2026-04-24 09:43:25,2026-04-24 10:00:13,ANTENNA (ACR=ON)
2026-04-24 10:02:19,2026-04-24 10:18:31,HDMI (ACR=ON)
2026-04-24 10:20:37,2026-04-24 10:37:30,ANTENNA 10.1 (ACR=ON)
2026-04-24 10:39:36,2026-04-24 11:13:43,NETFLIX (ACR=ON)
2026-04-24 11:15:50,2026-04-24 11:15:50,ACR toggle: ON → OFF
2026-04-24 11:20:32,2026-04-24 11:39:52,YOUTUBE (ACR=OFF)
2026-04-24 11:41:58,2026-04-24 11:57:59,IDLE (ACR=OFF)
2026-04-24 12:00:06,2026-04-24 12:17:31,ANTENNA 14.1 (ACR=OFF)
2026-04-24 12:19:38,2026-04-24 12:53:46,NETFLIX (ACR=OFF)
2026-04-24 12:55:52,2026-04-24 13:13:04,TUBI (ACR=OFF)
2026-04-24 13:15:11,2026-04-24 13:31:30,HDMI (ACR=OFF)
2026-04-24 13:33:37,2026-04-24 13:50:29,ANTENNA 10.1 (ACR=OFF)
2026-04-24 13:52:39,2026-04-24 14:09:26,ANTENNA (ACR=OFF)
2026-04-24 14:11:33,2026-04-24 14:28:35,FAST (ACR=OFF)
2026-04-24 14:30:42,2026-04-24 14:30:42,ACR toggle: OFF → ON
2026-04-24 14:35:49,2026-04-24 14:54:08,YOUTUBE (ACR=ON)
2026-04-24 14:56:14,2026-04-24 15:12:17,IDLE (ACR=ON)
2026-04-24 15:14:24,2026-04-24 15:31:13,ANTENNA 14.1 (ACR=ON)
2026-04-24 16:38:03,2026-04-24 16:57:04,NETFLIX (ACR=ON)
2026-04-24 16:59:10,2026-04-24 17:16:19,TUBI (ACR=ON)
2026-04-24 17:18:25,2026-04-24 17:34:33,HDMI (ACR=ON)
2026-04-24 17:36:39,2026-04-24 17:53:24,ANTENNA 10.1 (ACR=ON)
2026-04-24 17:55:31,2026-04-24 18:12:13,ANTENNA (ACR=ON)
2026-04-24 18:14:19,2026-04-24 18:30:44,FAST (ACR=ON)
2026-04-24 18:32:51,2026-04-24 18:51:52,NETFLIX (ACR=ON)
2026-04-24 18:53:58,2026-04-24 19:10:40,ANTENNA (ACR=ON)
2026-04-24 19:12:46,2026-04-24 19:30:56,YOUTUBE (ACR=ON)
2026-04-24 19:33:02,2026-04-24 19:50:10,TUBI (ACR=ON)
2026-04-24 19:52:17,2026-04-24 20:08:17,IDLE (ACR=ON)
2026-04-24 20:10:23,2026-04-24 20:27:08,ANTENNA 14.1 (ACR=ON)
2026-04-24 20:29:14,2026-04-24 20:45:39,FAST (ACR=ON)
2026-04-24 20:47:45,2026-04-24 21:04:31,ANTENNA 10.1 (ACR=ON)
2026-04-24 21:06:37,2026-04-24 21:22:45,HDMI (ACR=ON)
2026-04-24 21:24:51,2026-04-24 21:24:51,ACR toggle: ON → OFF
2026-04-24 21:29:28,2026-04-24 21:48:29,NETFLIX (ACR=OFF)
2026-04-24 21:50:35,2026-04-24 22:07:17,ANTENNA (ACR=OFF)
2026-04-24 22:09:23,2026-04-24 22:27:32,YOUTUBE (ACR=OFF)
2026-04-24 22:29:39,2026-04-24 22:46:47,TUBI (ACR=OFF)
2026-04-24 22:48:53,2026-04-24 23:04:53,IDLE (ACR=OFF)
2026-04-24 23:06:59,2026-04-24 23:23:45,ANTENNA 14.1 (ACR=OFF)
2026-04-24 23:25:51,2026-04-24 23:42:16,FAST (ACR=OFF)
2026-04-24 23:44:22,2026-04-25 00:01:07,ANTENNA 10.1 (ACR=OFF)
2026-04-25 00:03:13,2026-04-25 00:19:22,HDMI (ACR=OFF)
2026-04-25 18:26:51,2026-04-25 18:45:45,YOUTUBE (ACR=OFF)
2026-04-25 18:47:52,2026-04-25 19:06:27,TUBI (ACR=OFF)
2026-04-25 19:08:35,2026-04-25 19:25:44,ANTENNA 10.1 (ACR=OFF)
2026-04-25 19:27:50,2026-04-25 19:47:36,NETFLIX (ACR=OFF)
2026-04-25 19:49:42,2026-04-25 20:06:32,FAST (ACR=OFF)
2026-04-25 20:08:39,2026-04-25 20:26:39,ANTENNA 14.1 (ACR=OFF)
2026-04-25 20:28:45,2026-04-25 20:46:18,ANTENNA (ACR=OFF)
2026-04-25 20:48:25,2026-04-25 21:04:31,IDLE (ACR=OFF)
2026-04-25 21:07:43,2026-04-25 21:23:54,HDMI (ACR=OFF)
2026-04-25 21:26:01,2026-04-25 21:26:01,ACR toggle: OFF → ON
2026-04-25 21:32:06,2026-04-25 21:50:46,YOUTUBE (ACR=ON)
2026-04-25 21:52:52,2026-04-25 22:10:35,TUBI (ACR=ON)
2026-04-25 22:12:42,2026-04-25 22:29:32,ANTENNA 10.1 (ACR=ON)
2026-04-25 22:31:38,2026-04-25 22:50:43,NETFLIX (ACR=ON)
2026-04-25 22:52:49,2026-04-25 23:09:21,FAST (ACR=ON)
2026-04-25 23:12:00,2026-04-25 23:28:52,ANTENNA 14.1 (ACR=ON)
2026-04-25 23:31:00,2026-04-25 23:50:51,ANTENNA (ACR=ON)
2026-04-26 06:13:36,2026-04-26 06:29:40,IDLE (ACR=ON)
2026-04-26 06:31:46,2026-04-26 06:47:59,HDMI (ACR=ON)
2026-04-26 06:50:06,2026-04-26 06:50:06,ACR toggle: ON → OFF
2026-04-26 06:55:59,2026-04-26 07:11:59,IDLE (ACR=OFF)
2026-04-26 07:14:06,2026-04-26 07:32:03,ANTENNA 10.1 (ACR=OFF)
2026-04-26 07:34:09,2026-04-26 07:54:01,NETFLIX (ACR=OFF)
2026-04-26 07:56:07,2026-04-26 08:12:32,FAST (ACR=OFF)
2026-04-26 08:14:38,2026-04-26 08:31:23,ANTENNA 14.1 (ACR=OFF)
2026-04-26 08:33:29,2026-04-26 08:50:11,ANTENNA (ACR=OFF)
2026-04-26 08:52:18,2026-04-26 09:08:26,HDMI (ACR=OFF)
2026-04-26 09:10:32,2026-04-26 09:27:40,TUBI (ACR=OFF)
2026-04-26 09:29:46,2026-04-26 09:47:56,YOUTUBE (ACR=OFF)
2026-04-26 09:50:02,2026-04-26 09:50:02,ACR toggle: OFF → ON
2026-04-26 09:54:55,2026-04-26 10:10:55,IDLE (ACR=ON)
2026-04-26 10:13:01,2026-04-26 10:29:47,ANTENNA 10.1 (ACR=ON)
2026-04-26 10:31:53,2026-04-26 10:50:55,NETFLIX (ACR=ON)
2026-04-26 10:53:01,2026-04-26 11:09:26,FAST (ACR=ON)
2026-04-26 11:11:32,2026-04-26 11:28:17,ANTENNA 14.1 (ACR=ON)
2026-04-26 11:30:23,2026-04-26 11:47:06,ANTENNA (ACR=ON)
2026-04-26 11:49:12,2026-04-26 12:05:20,HDMI (ACR=ON)
2026-04-26 12:07:26,2026-04-26 12:24:34,TUBI (ACR=ON)
2026-04-26 12:26:41,2026-04-26 12:44:50,YOUTUBE (ACR=ON)
2026-04-26 12:46:56,2026-04-26 13:05:06,YOUTUBE (ACR=ON)
2026-04-26 13:07:12,2026-04-26 13:26:13,NETFLIX (ACR=ON)
2026-04-26 13:28:19,2026-04-26 13:45:04,ANTENNA 14.1 (ACR=ON)
2026-04-26 13:47:10,2026-04-26 14:03:55,ANTENNA 10.1 (ACR=ON)
2026-04-26 14:24:35,2026-04-26 14:41:46,TUBI (ACR=ON)
2026-04-26 14:43:52,2026-04-26 14:59:53,IDLE (ACR=ON)
2026-04-26 15:01:59,2026-04-26 15:18:43,ANTENNA (ACR=ON)
2026-04-26 15:20:50,2026-04-26 15:36:59,HDMI (ACR=ON)
2026-04-26 15:39:06,2026-04-26 15:39:06,ACR toggle: ON → OFF
2026-04-26 15:43:44,2026-04-26 16:01:56,YOUTUBE (ACR=OFF)
2026-04-26 16:04:03,2026-04-26 16:23:07,NETFLIX (ACR=OFF)
2026-04-26 16:25:13,2026-04-26 16:42:01,ANTENNA 14.1 (ACR=OFF)
2026-04-26 16:44:07,2026-04-26 17:00:54,ANTENNA 10.1 (ACR=OFF)
2026-04-26 17:03:00,2026-04-26 17:19:27,FAST (ACR=OFF)
2026-04-26 17:21:33,2026-04-26 17:38:44,TUBI (ACR=OFF)
2026-04-26 17:40:50,2026-04-26 17:56:51,IDLE (ACR=OFF)
2026-04-26 17:58:58,2026-04-26 18:15:41,ANTENNA (ACR=OFF)
2026-04-26 18:17:48,2026-04-26 18:33:58,HDMI (ACR=OFF)
2026-04-26 18:36:04,2026-04-26 18:36:04,ACR toggle: OFF → ON
2026-04-26 18:59:33,2026-04-26 19:16:17,ANTENNA (ACR=ON)
2026-04-26 19:18:23,2026-04-26 19:35:34,TUBI (ACR=ON)
2026-04-26 19:37:40,2026-04-26 19:54:27,ANTENNA 10.1 (ACR=ON)
2026-04-26 19:56:33,2026-04-26 20:15:37,NETFLIX (ACR=ON)
2026-04-26 20:17:43,2026-04-26 20:33:44,IDLE (ACR=ON)
2026-04-26 20:35:51,2026-04-26 20:54:03,YOUTUBE (ACR=ON)
2026-04-26 20:56:09,2026-04-26 21:12:56,ANTENNA 14.1 (ACR=ON)
2026-04-26 21:15:03,2026-04-26 21:31:12,HDMI (ACR=ON)
2026-04-26 21:33:18,2026-04-26 21:33:18,ACR toggle: ON → OFF
2026-04-26 21:37:57,2026-04-26 21:54:23,FAST (ACR=OFF)
2026-04-26 21:56:29,2026-04-26 22:13:13,ANTENNA (ACR=OFF)
2026-04-26 22:15:19,2026-04-26 22:32:29,TUBI (ACR=OFF)
2026-04-26 22:34:36,2026-04-26 22:51:23,ANTENNA 10.1 (ACR=OFF)
2026-04-26 22:53:30,2026-04-26 23:12:34,NETFLIX (ACR=OFF)
2026-04-26 23:14:41,2026-04-26 23:30:42,IDLE (ACR=OFF)
2026-04-26 23:32:48,2026-04-26 23:51:02,YOUTUBE (ACR=OFF)
2026-04-26 23:53:08,2026-04-27 00:09:55,ANTENNA 14.1 (ACR=OFF)
2026-04-27 00:12:02,2026-04-27 00:28:12,HDMI (ACR=OFF)
2026-04-27 00:30:18,2026-04-27 00:30:18,ACR toggle: OFF → ON
2026-04-27 00:35:14,2026-04-27 00:52:00,ANTENNA 10.1 (ACR=ON)
2026-04-27 00:54:07,2026-04-27 01:10:08,IDLE (ACR=ON)
2026-04-27 01:12:14,2026-04-27 01:30:27,YOUTUBE (ACR=ON)
2026-04-27 01:32:33,2026-04-27 01:48:42,HDMI (ACR=ON)
2026-04-27 01:50:49,2026-04-27 02:07:15,FAST (ACR=ON)
2026-04-27 02:09:21,2026-04-27 02:26:08,ANTENNA 14.1 (ACR=ON)
2026-04-27 02:28:14,2026-04-27 02:47:20,NETFLIX (ACR=ON)
2026-04-27 02:49:26,2026-04-27 03:06:37,TUBI (ACR=ON)
2026-04-27 03:08:43,2026-04-27 03:25:27,ANTENNA (ACR=ON)
2026-04-27 03:27:34,2026-04-27 03:27:34,ACR toggle: ON → OFF
2026-04-27 03:32:13,2026-04-27 03:49:00,ANTENNA 10.1 (ACR=OFF)
2026-04-27 03:51:06,2026-04-27 04:07:07,IDLE (ACR=OFF)
2026-04-27 04:09:13,2026-04-27 04:27:26,YOUTUBE (ACR=OFF)
2026-04-27 04:29:33,2026-04-27 04:45:42,HDMI (ACR=OFF)
2026-04-27 04:47:48,2026-04-27 05:04:15,FAST (ACR=OFF)
2026-04-27 05:06:21,2026-04-27 05:23:08,ANTENNA 14.1 (ACR=OFF)
2026-04-27 05:25:15,2026-04-27 05:44:19,NETFLIX (ACR=OFF)
2026-04-27 05:46:25,2026-04-27 06:03:35,TUBI (ACR=OFF)
2026-04-27 06:05:41,2026-04-27 06:22:25,ANTENNA (ACR=OFF)
2026-04-27 06:24:31,2026-04-27 06:42:44,YOUTUBE (ACR=OFF)
2026-04-27 06:44:50,2026-04-27 07:00:59,HDMI (ACR=OFF)
2026-04-27 07:03:06,2026-04-27 07:19:32,FAST (ACR=OFF)
2026-04-27 07:21:38,2026-04-27 07:38:22,ANTENNA (ACR=OFF)
2026-04-27 07:40:29,2026-04-27 07:57:16,ANTENNA 10.1 (ACR=OFF)
2026-04-27 07:59:22,2026-04-27 08:18:27,NETFLIX (ACR=OFF)
2026-04-27 08:20:33,2026-04-27 08:37:44,TUBI (ACR=OFF)
2026-04-27 08:39:50,2026-04-27 08:55:51,IDLE (ACR=OFF)
2026-04-27 08:57:57,2026-04-27 09:14:44,ANTENNA 14.1 (ACR=OFF)
2026-04-27 09:16:50,2026-04-27 09:16:50,ACR toggle: OFF → ON
2026-04-27 09:21:47,2026-04-27 09:40:00,YOUTUBE (ACR=ON)
2026-04-27 09:42:07,2026-04-27 09:58:16,HDMI (ACR=ON)
2026-04-27 10:00:23,2026-04-27 10:16:49,FAST (ACR=ON)
2026-04-27 10:18:55,2026-04-27 10:35:39,ANTENNA (ACR=ON)
2026-04-27 10:37:45,2026-04-27 10:54:31,ANTENNA 10.1 (ACR=ON)
2026-04-27 10:56:38,2026-04-27 11:15:42,NETFLIX (ACR=ON)
2026-04-27 11:17:48,2026-04-27 11:34:59,TUBI (ACR=ON)
2026-04-27 11:37:05,2026-04-27 11:53:06,IDLE (ACR=ON)
2026-04-27 11:55:13,2026-04-27 12:12:00,ANTENNA 14.1 (ACR=ON)
2026-04-27 12:14:07,2026-04-27 12:14:07,ACR toggle: ON → OFF
2026-04-27 12:18:46,2026-04-27 12:35:13,FAST (ACR=OFF)
2026-04-28 17:59:02,2026-04-28 18:16:11,TUBI (ACR=OFF)
2026-04-28 18:18:17,2026-04-28 18:34:25,HDMI (ACR=OFF)
2026-04-28 18:36:31,2026-04-28 18:54:40,YOUTUBE (ACR=OFF)
2026-04-28 18:56:46,2026-04-28 19:15:46,NETFLIX (ACR=OFF)
2026-04-28 19:17:52,2026-04-28 19:34:37,ANTENNA 14.1 (ACR=OFF)
2026-04-28 19:36:43,2026-04-28 19:52:43,IDLE (ACR=OFF)
2026-04-28 19:54:49,2026-04-28 20:11:31,ANTENNA (ACR=OFF)
2026-04-28 20:13:37,2026-04-28 20:13:37,ACR toggle: OFF → ON
2026-04-28 20:18:29,2026-04-28 20:34:54,FAST (ACR=ON)
2026-04-28 20:37:00,2026-04-28 20:53:45,ANTENNA 10.1 (ACR=ON)
2026-04-28 20:55:51,2026-04-28 21:12:59,TUBI (ACR=ON)
2026-04-28 21:15:06,2026-04-28 21:31:14,HDMI (ACR=ON)
2026-04-28 21:33:20,2026-04-28 21:51:29,YOUTUBE (ACR=ON)
2026-04-28 21:53:35,2026-04-28 22:12:35,NETFLIX (ACR=ON)
2026-04-28 22:14:41,2026-04-28 22:31:26,ANTENNA 14.1 (ACR=ON)
2026-04-28 22:33:32,2026-04-28 22:49:32,IDLE (ACR=ON)
2026-04-28 22:51:38,2026-04-28 23:08:20,ANTENNA (ACR=ON)
2026-04-28 23:10:26,2026-04-28 23:26:51,FAST (ACR=ON)
2026-04-28 23:28:57,2026-04-28 23:45:39,ANTENNA (ACR=ON)
2026-04-28 23:47:45,2026-04-29 00:06:45,NETFLIX (ACR=ON)
2026-04-29 00:08:51,2026-04-29 00:27:00,YOUTUBE (ACR=ON)
2026-04-29 00:29:07,2026-04-29 00:45:52,ANTENNA 14.1 (ACR=ON)
2026-04-29 00:47:58,2026-04-29 01:05:06,TUBI (ACR=ON)
2026-04-29 01:07:12,2026-04-29 01:23:57,ANTENNA 10.1 (ACR=ON)
2026-04-29 01:26:03,2026-04-29 01:42:11,HDMI (ACR=ON)
2026-04-29 01:44:18,2026-04-29 02:00:18,IDLE (ACR=ON)
2026-04-29 02:02:24,2026-04-29 02:02:24,ACR toggle: ON → OFF
2026-04-29 02:06:59,2026-04-29 02:23:24,FAST (ACR=OFF)
2026-04-29 02:25:30,2026-04-29 02:42:12,ANTENNA (ACR=OFF)
2026-04-29 02:44:18,2026-04-29 03:03:18,NETFLIX (ACR=OFF)
2026-04-29 03:05:24,2026-04-29 03:23:33,YOUTUBE (ACR=OFF)
2026-04-29 03:25:39,2026-04-29 03:42:24,ANTENNA 14.1 (ACR=OFF)
2026-04-29 03:44:31,2026-04-29 04:01:39,TUBI (ACR=OFF)
2026-04-29 04:03:45,2026-04-29 04:20:31,ANTENNA 10.1 (ACR=OFF)
2026-04-29 04:22:37,2026-04-29 04:38:45,HDMI (ACR=OFF)
2026-04-29 04:40:52,2026-04-29 04:56:52,IDLE (ACR=OFF)
2026-04-29 04:58:58,2026-04-29 05:16:06,TUBI (ACR=OFF)
2026-04-29 05:18:12,2026-04-29 05:34:55,ANTENNA (ACR=OFF)
2026-04-29 05:37:02,2026-04-29 05:55:10,YOUTUBE (ACR=OFF)
2026-04-29 05:57:17,2026-04-29 06:14:02,ANTENNA 14.1 (ACR=OFF)
2026-04-29 06:16:08,2026-04-29 06:32:53,ANTENNA 10.1 (ACR=OFF)
2026-04-29 06:34:59,2026-04-29 06:51:07,HDMI (ACR=OFF)
2026-04-29 06:53:13,2026-04-29 07:09:38,FAST (ACR=OFF)
2026-04-29 07:11:44,2026-04-29 07:27:44,IDLE (ACR=OFF)
2026-04-29 07:29:50,2026-04-29 07:48:50,NETFLIX (ACR=OFF)
2026-04-29 07:50:57,2026-04-29 07:50:57,ACR toggle: OFF → ON
2026-04-29 07:55:48,2026-04-29 08:12:56,TUBI (ACR=ON)
2026-04-29 08:15:03,2026-04-29 08:31:46,ANTENNA (ACR=ON)
2026-04-29 08:33:52,2026-04-29 08:52:01,YOUTUBE (ACR=ON)
2026-04-29 08:54:07,2026-04-29 09:10:52,ANTENNA 14.1 (ACR=ON)
2026-04-29 09:12:59,2026-04-29 09:29:44,ANTENNA 10.1 (ACR=ON)
2026-04-29 09:31:50,2026-04-29 09:47:58,HDMI (ACR=ON)
2026-04-29 09:50:04,2026-04-29 10:06:29,FAST (ACR=ON)
2026-04-29 10:08:35,2026-04-29 10:24:35,IDLE (ACR=ON)
2026-04-29 10:26:41,2026-04-29 10:45:41,NETFLIX (ACR=ON)
2026-04-29 10:47:47,2026-04-29 10:47:47,ACR toggle: ON → OFF
2026-04-29 10:52:23,2026-04-29 11:09:08,ANTENNA 10.1 (ACR=OFF)
2026-04-29 11:11:14,2026-04-29 11:27:22,HDMI (ACR=OFF)
2026-04-29 11:29:28,2026-04-29 11:46:13,ANTENNA 14.1 (ACR=OFF)
2026-04-29 11:48:20,2026-04-29 12:04:20,IDLE (ACR=OFF)
2026-04-29 12:06:26,2026-04-29 12:24:35,YOUTUBE (ACR=OFF)
2026-04-29 12:26:41,2026-04-29 12:43:23,ANTENNA (ACR=OFF)
2026-04-29 12:45:29,2026-04-29 13:04:29,NETFLIX (ACR=OFF)
2026-04-29 13:06:35,2026-04-29 13:23:43,TUBI (ACR=OFF)
2026-04-29 13:25:50,2026-04-29 13:42:14,FAST (ACR=OFF)
2026-04-29 13:44:20,2026-04-29 13:44:20,ACR toggle: OFF → ON
2026-04-29 13:49:12,2026-04-29 14:05:57,ANTENNA 10.1 (ACR=ON)
2026-04-29 14:08:03,2026-04-29 14:24:11,HDMI (ACR=ON)
2026-04-29 14:26:18,2026-04-29 14:43:02,ANTENNA 14.1 (ACR=ON)
2026-04-29 14:45:09,2026-04-29 15:01:09,IDLE (ACR=ON)
2026-04-29 15:03:15,2026-04-29 15:21:24,YOUTUBE (ACR=ON)
2026-04-29 15:23:30,2026-04-29 15:40:12,ANTENNA (ACR=ON)
2026-04-29 15:42:18,2026-04-29 16:01:18,NETFLIX (ACR=ON)
2026-04-29 16:03:24,2026-04-29 16:20:33,TUBI (ACR=ON)
2026-04-29 16:22:39,2026-04-29 16:39:04,FAST (ACR=ON)
2026-04-29 16:41:10,2026-04-29 16:57:18,HDMI (ACR=ON)
2026-04-29 16:59:24,2026-04-29 17:16:32,TUBI (ACR=ON)
2026-04-29 17:18:38,2026-04-29 17:35:24,ANTENNA 14.1 (ACR=ON)
2026-04-29 17:37:30,2026-04-29 17:56:30,NETFLIX (ACR=ON)
2026-04-29 17:58:36,2026-04-29 18:14:36,IDLE (ACR=ON)
2026-04-29 18:16:43,2026-04-29 18:33:24,ANTENNA (ACR=ON)
2026-04-29 18:35:31,2026-04-29 18:52:16,ANTENNA 10.1 (ACR=ON)
2026-04-29 18:54:22,2026-04-29 19:12:31,YOUTUBE (ACR=ON)
2026-04-29 19:14:37,2026-04-29 19:31:02,FAST (ACR=ON)
2026-04-29 19:33:08,2026-04-29 19:33:08,ACR toggle: ON → OFF
2026-04-29 19:37:44,2026-04-29 19:53:52,HDMI (ACR=OFF)
2026-04-29 19:55:58,2026-04-29 20:13:06,TUBI (ACR=OFF)
2026-04-29 20:15:12,2026-04-29 20:31:57,ANTENNA 14.1 (ACR=OFF)
2026-04-29 20:34:03,2026-04-29 20:53:04,NETFLIX (ACR=OFF)
2026-04-29 20:55:10,2026-04-29 21:11:10,IDLE (ACR=OFF)
2026-04-29 21:13:16,2026-04-29 21:29:58,ANTENNA (ACR=OFF)
2026-04-29 21:32:04,2026-04-29 21:48:49,ANTENNA 10.1 (ACR=OFF)
2026-04-29 21:50:56,2026-04-29 22:09:05,YOUTUBE (ACR=OFF)
2026-04-29 22:11:11,2026-04-29 22:27:36,FAST (ACR=OFF)
2026-04-29 22:29:42,2026-04-29 22:29:42,ACR toggle: OFF → ON
2026-04-29 22:34:34,2026-04-29 22:50:33,IDLE (ACR=ON)
2026-04-29 22:52:40,2026-04-29 23:09:25,ANTENNA 14.1 (ACR=ON)
2026-04-29 23:11:31,2026-04-29 23:28:16,ANTENNA 10.1 (ACR=ON)
2026-04-29 23:30:22,2026-04-29 23:47:31,TUBI (ACR=ON)
2026-04-29 23:49:37,2026-04-30 00:08:37,NETFLIX (ACR=ON)
2026-04-30 00:10:43,2026-04-30 00:28:52,YOUTUBE (ACR=ON)
2026-04-30 00:30:59,2026-04-30 00:47:07,HDMI (ACR=ON)
2026-04-30 00:49:13,2026-04-30 01:05:55,ANTENNA (ACR=ON)
2026-04-30 01:08:01,2026-04-30 01:24:26,FAST (ACR=ON)
2026-04-30 01:26:32,2026-04-30 01:26:32,ACR toggle: ON → OFF
2026-04-30 01:31:07,2026-04-30 01:47:07,IDLE (ACR=OFF)
2026-04-30 02:26:56,2026-04-30 02:44:05,TUBI (ACR=OFF)
2026-04-30 02:46:11,2026-04-30 03:05:11,NETFLIX (ACR=OFF)
2026-04-30 03:07:17,2026-04-30 03:25:26,YOUTUBE (ACR=OFF)
2026-04-30 03:27:32,2026-04-30 03:43:40,HDMI (ACR=OFF)
2026-04-30 03:45:46,2026-04-30 04:02:28,ANTENNA (ACR=OFF)
2026-04-30 04:04:34,2026-04-30 04:20:59,FAST (ACR=OFF)
2026-04-30 04:23:05,2026-04-30 04:23:05,ACR toggle: OFF → ON
2026-04-30 04:27:57,2026-04-30 04:44:22,FAST (ACR=ON)
2026-04-30 04:46:28,2026-04-30 05:03:13,ANTENNA 14.1 (ACR=ON)
2026-04-30 05:05:19,2026-04-30 05:23:28,YOUTUBE (ACR=ON)
2026-04-30 05:25:34,2026-04-30 05:44:34,NETFLIX (ACR=ON)
2026-04-30 05:46:41,2026-04-30 06:03:49,TUBI (ACR=ON)
2026-04-30 06:05:55,2026-04-30 06:22:03,HDMI (ACR=ON)
2026-04-30 06:24:09,2026-04-30 06:40:09,IDLE (ACR=ON)
2026-04-30 06:42:15,2026-04-30 06:58:58,ANTENNA (ACR=ON)
2026-04-30 07:01:04,2026-04-30 07:17:49,ANTENNA 10.1 (ACR=ON)
2026-04-30 07:19:55,2026-04-30 07:19:55,ACR toggle: ON → OFF
2026-04-30 07:24:30,2026-04-30 07:40:55,FAST (ACR=OFF)
2026-04-30 07:43:01,2026-04-30 07:59:46,ANTENNA 14.1 (ACR=OFF)
2026-04-30 08:01:53,2026-04-30 08:20:02,YOUTUBE (ACR=OFF)
2026-04-30 08:22:08,2026-04-30 08:41:08,NETFLIX (ACR=OFF)
2026-04-30 08:43:14,2026-04-30 09:00:22,TUBI (ACR=OFF)
2026-04-30 09:02:28,2026-04-30 09:18:36,HDMI (ACR=OFF)
2026-04-30 09:20:43,2026-04-30 09:36:43,IDLE (ACR=OFF)
2026-04-30 09:38:49,2026-04-30 09:55:31,ANTENNA (ACR=OFF)
2026-04-30 09:57:38,2026-04-30 10:14:23,ANTENNA 10.1 (ACR=OFF)
2026-04-30 10:16:29,2026-04-30 10:35:29,NETFLIX (ACR=OFF)
2026-04-30 10:37:35,2026-04-30 10:55:46,YOUTUBE (ACR=OFF)
2026-04-30 10:57:52,2026-04-30 11:14:34,ANTENNA (ACR=OFF)
2026-04-30 11:16:40,2026-04-30 11:32:40,IDLE (ACR=OFF)
2026-04-30 11:34:46,2026-04-30 11:51:13,FAST (ACR=OFF)
2026-04-30 11:53:19,2026-04-30 12:10:27,TUBI (ACR=OFF)
2026-04-30 12:12:34,2026-04-30 12:29:20,ANTENNA 10.1 (ACR=OFF)
2026-04-30 12:31:26,2026-04-30 12:48:11,ANTENNA 14.1 (ACR=OFF)
2026-04-30 12:50:17,2026-04-30 13:06:25,HDMI (ACR=OFF)
2026-04-30 13:08:32,2026-04-30 13:08:32,ACR toggle: OFF → ON
2026-04-30 13:13:23,2026-04-30 13:32:22,NETFLIX (ACR=ON)
2026-04-30 13:34:29,2026-04-30 13:52:38,YOUTUBE (ACR=ON)
2026-04-30 13:54:44,2026-04-30 14:11:26,ANTENNA (ACR=ON)
2026-04-30 14:13:33,2026-04-30 14:29:33,IDLE (ACR=ON)
2026-04-30 14:31:39,2026-04-30 14:48:03,FAST (ACR=ON)
2026-04-30 14:50:10,2026-04-30 15:07:18,TUBI (ACR=ON)
2026-04-30 15:09:24,2026-04-30 15:26:09,ANTENNA 10.1 (ACR=ON)
2026-04-30 15:28:15,2026-04-30 15:45:01,ANTENNA 14.1 (ACR=ON)
2026-04-30 15:47:07,2026-04-30 16:03:15,HDMI (ACR=ON)
2026-04-30 16:05:21,2026-04-30 16:05:21,ACR toggle: ON → OFF
2026-04-30 16:09:56,2026-04-30 16:26:04,HDMI (ACR=OFF)
2026-04-30 16:28:11,2026-04-30 16:46:20,YOUTUBE (ACR=OFF)
2026-04-30 16:48:26,2026-04-30 17:05:11,ANTENNA 14.1 (ACR=OFF)
2026-04-30 17:07:17,2026-04-30 17:23:42,FAST (ACR=OFF)
2026-04-30 17:25:48,2026-04-30 17:41:48,IDLE (ACR=OFF)
2026-04-30 17:43:54,2026-04-30 18:00:36,ANTENNA (ACR=OFF)
2026-04-30 18:02:43,2026-04-30 18:19:28,ANTENNA 10.1 (ACR=OFF)
2026-04-30 18:21:34,2026-04-30 18:38:42,TUBI (ACR=OFF)
2026-04-30 18:40:48,2026-04-30 18:59:48,NETFLIX (ACR=OFF)
2026-04-30 19:01:55,2026-04-30 19:01:55,ACR toggle: OFF → ON
2026-04-30 19:06:46,2026-04-30 19:22:54,HDMI (ACR=ON)
2026-04-30 19:25:00,2026-04-30 19:43:09,YOUTUBE (ACR=ON)
2026-04-30 19:45:16,2026-04-30 20:02:01,ANTENNA 14.1 (ACR=ON)
2026-04-30 20:04:07,2026-04-30 20:20:31,FAST (ACR=ON)
2026-04-30 20:22:38,2026-04-30 20:38:38,IDLE (ACR=ON)
2026-04-30 20:40:44,2026-04-30 20:57:26,ANTENNA (ACR=ON)
2026-04-30 20:59:32,2026-04-30 21:16:17,ANTENNA 10.1 (ACR=ON)
2026-04-30 21:18:23,2026-04-30 21:35:31,TUBI (ACR=ON)
2026-04-30 21:37:38,2026-04-30 21:56:38,NETFLIX (ACR=ON)
2026-04-30 21:58:44,2026-04-30 22:15:29,ANTENNA 10.1 (ACR=ON)
2026-04-30 22:17:35,2026-04-30 22:35:45,YOUTUBE (ACR=ON)
2026-04-30 22:37:51,2026-04-30 22:54:59,TUBI (ACR=ON)
2026-04-30 22:57:05,2026-04-30 23:13:47,ANTENNA (ACR=ON)
2026-04-30 23:15:54,2026-04-30 23:32:02,HDMI (ACR=ON)
2026-04-30 23:34:08,2026-04-30 23:53:08,NETFLIX (ACR=ON)
2026-04-30 23:55:14,2026-05-01 00:11:39,FAST (ACR=ON)
2026-05-01 00:13:45,2026-05-01 00:30:31,ANTENNA 14.1 (ACR=ON)
2026-05-01 00:32:37,2026-05-01 00:48:37,IDLE (ACR=ON)
2026-05-01 00:50:43,2026-05-01 00:50:43,ACR toggle: ON → OFF
2026-05-01 00:55:18,2026-05-01 01:12:04,ANTENNA 10.1 (ACR=OFF)
2026-05-01 01:14:10,2026-05-01 01:32:19,YOUTUBE (ACR=OFF)
2026-05-01 01:34:25,2026-05-01 01:51:34,TUBI (ACR=OFF)
2026-05-01 01:53:40,2026-05-01 02:10:22,ANTENNA (ACR=OFF)
2026-05-01 02:12:28,2026-05-01 02:28:36,HDMI (ACR=OFF)
2026-05-01 02:30:43,2026-05-01 02:49:43,NETFLIX (ACR=OFF)
2026-05-01 02:51:49,2026-05-01 03:08:14,FAST (ACR=OFF)
2026-05-01 03:10:20,2026-05-01 03:27:05,ANTENNA 14.1 (ACR=OFF)
2026-05-01 03:29:12,2026-05-01 03:45:12,IDLE (ACR=OFF)
2026-05-01 03:47:18,2026-05-01 04:03:42,FAST (ACR=OFF)
2026-05-01 04:05:49,2026-05-01 04:21:48,IDLE (ACR=OFF)
2026-05-01 04:23:55,2026-05-01 04:42:55,NETFLIX (ACR=OFF)
2026-05-01 04:45:01,2026-05-01 05:01:43,ANTENNA (ACR=OFF)
2026-05-01 05:03:49,2026-05-01 05:20:58,TUBI (ACR=OFF)
2026-05-01 05:23:04,2026-05-01 05:41:13,YOUTUBE (ACR=OFF)
2026-05-01 05:43:19,2026-05-01 06:00:04,ANTENNA 14.1 (ACR=OFF)
2026-05-01 06:02:11,2026-05-01 06:18:19,HDMI (ACR=OFF)
2026-05-01 06:20:25,2026-05-01 06:37:10,ANTENNA 10.1 (ACR=OFF)
2026-05-01 06:39:16,2026-05-01 06:39:16,ACR toggle: OFF → ON
2026-05-01 06:44:08,2026-05-01 07:00:33,FAST (ACR=ON)
2026-05-01 07:02:39,2026-05-01 07:18:39,IDLE (ACR=ON)
2026-05-01 07:20:45,2026-05-01 07:39:45,NETFLIX (ACR=ON)
2026-05-01 07:41:51,2026-05-01 07:58:33,ANTENNA (ACR=ON)
2026-05-01 08:00:39,2026-05-01 08:17:49,TUBI (ACR=ON)
2026-05-01 08:19:55,2026-05-01 08:38:04,YOUTUBE (ACR=ON)
2026-05-01 08:40:10,2026-05-01 08:56:55,ANTENNA 14.1 (ACR=ON)
2026-05-01 08:59:02,2026-05-01 09:15:10,HDMI (ACR=ON)
2026-05-01 09:17:16,2026-05-01 09:34:01,ANTENNA 10.1 (ACR=ON)
2026-05-01 09:36:07,2026-05-01 09:36:07,ACR toggle: ON → OFF
2026-05-01 09:40:43,2026-05-01 09:56:51,HDMI (ACR=OFF)
2026-05-01 09:58:57,2026-05-01 10:15:39,ANTENNA (ACR=OFF)
2026-05-01 10:17:45,2026-05-01 10:34:10,FAST (ACR=OFF)
2026-05-01 10:36:17,2026-05-01 10:55:17,NETFLIX (ACR=OFF)
2026-05-01 10:57:23,2026-05-01 11:15:32,YOUTUBE (ACR=OFF)
2026-05-01 11:17:38,2026-05-01 11:34:24,ANTENNA 14.1 (ACR=OFF)
2026-05-01 11:36:30,2026-05-01 11:53:15,ANTENNA 10.1 (ACR=OFF)
2026-05-01 11:55:21,2026-05-01 12:12:29,TUBI (ACR=OFF)
2026-05-01 12:14:36,2026-05-01 12:30:36,IDLE (ACR=OFF)
2026-05-01 12:32:42,2026-05-01 12:32:42,ACR toggle: OFF → ON
2026-05-01 12:37:34,2026-05-01 12:53:42,HDMI (ACR=ON)
2026-05-01 12:55:48,2026-05-01 13:12:31,ANTENNA (ACR=ON)
2026-05-01 13:14:37,2026-05-01 13:31:02,FAST (ACR=ON)
2026-05-01 13:33:08,2026-05-01 13:52:08,NETFLIX (ACR=ON)
2026-05-01 13:54:15,2026-05-01 14:12:24,YOUTUBE (ACR=ON)
2026-05-01 14:14:30,2026-05-01 14:31:15,ANTENNA 14.1 (ACR=ON)
2026-05-01 14:33:21,2026-05-01 14:50:06,ANTENNA 10.1 (ACR=ON)
2026-05-01 14:52:13,2026-05-01 15:09:21,TUBI (ACR=ON)
2026-05-01 15:11:27,2026-05-01 15:27:27,IDLE (ACR=ON)
2026-05-01 15:29:33,2026-05-01 15:48:33,NETFLIX (ACR=ON)
2026-05-01 15:50:40,2026-05-01 16:07:49,TUBI (ACR=ON)
2026-05-01 16:09:56,2026-05-01 16:26:20,FAST (ACR=ON)
2026-05-01 16:28:26,2026-05-01 16:44:26,IDLE (ACR=ON)
2026-05-01 16:46:32,2026-05-01 17:03:17,ANTENNA 14.1 (ACR=ON)
2026-05-01 17:05:24,2026-05-01 17:21:32,HDMI (ACR=ON)
2026-05-01 17:23:38,2026-05-01 17:41:47,YOUTUBE (ACR=ON)
2026-05-01 17:43:53,2026-05-01 18:00:38,ANTENNA 10.1 (ACR=ON)
2026-05-01 18:02:44,2026-05-01 18:19:27,ANTENNA (ACR=ON)
2026-05-01 18:21:33,2026-05-01 18:21:33,ACR toggle: ON → OFF
2026-05-01 18:26:08,2026-05-01 18:45:08,NETFLIX (ACR=OFF)
2026-05-01 18:47:14,2026-05-01 19:04:24,TUBI (ACR=OFF)
2026-05-01 19:06:30,2026-05-01 19:22:55,FAST (ACR=OFF)
2026-05-01 19:25:01,2026-05-01 19:41:01,IDLE (ACR=OFF)
2026-05-01 19:43:07,2026-05-01 19:59:52,ANTENNA 14.1 (ACR=OFF)
2026-05-01 20:01:58,2026-05-01 20:18:06,HDMI (ACR=OFF)
2026-05-01 20:20:13,2026-05-01 20:38:22,YOUTUBE (ACR=OFF)
2026-05-01 20:40:28,2026-05-01 20:57:13,ANTENNA 10.1 (ACR=OFF)
2026-05-01 20:59:19,2026-05-01 21:16:01,ANTENNA (ACR=OFF)
2026-05-01 21:18:08,2026-05-01 21:18:08,ACR toggle: OFF → ON
2026-05-01 21:22:59,2026-05-01 21:39:45,ANTENNA 14.1 (ACR=ON)
2026-05-01 21:41:51,2026-05-01 21:58:59,TUBI (ACR=ON)
2026-05-01 22:01:05,2026-05-01 22:20:05,NETFLIX (ACR=ON)
2026-05-01 22:22:12,2026-05-01 22:38:36,FAST (ACR=ON)
2026-05-01 22:40:43,2026-05-01 22:57:25,ANTENNA (ACR=ON)
2026-05-01 22:59:31,2026-05-01 23:17:40,YOUTUBE (ACR=ON)
2026-05-01 23:19:46,2026-05-01 23:35:46,IDLE (ACR=ON)
2026-05-01 23:37:52,2026-05-01 23:54:38,ANTENNA 10.1 (ACR=ON)
2026-05-01 23:56:44,2026-05-02 00:12:52,HDMI (ACR=ON)
2026-05-02 00:14:58,2026-05-02 00:14:58,ACR toggle: ON → OFF
2026-05-02 00:19:34,2026-05-02 00:36:19,ANTENNA 14.1 (ACR=OFF)
2026-05-02 00:38:25,2026-05-02 00:55:33,TUBI (ACR=OFF)
2026-05-02 00:57:39,2026-05-02 01:16:40,NETFLIX (ACR=OFF)
2026-05-02 01:18:46,2026-05-02 01:35:11,FAST (ACR=OFF)
2026-05-02 01:37:17,2026-05-02 01:53:59,ANTENNA (ACR=OFF)
2026-05-02 01:56:05,2026-05-02 02:14:14,YOUTUBE (ACR=OFF)
2026-05-02 02:16:20,2026-05-02 02:32:21,IDLE (ACR=OFF)
2026-05-02 02:34:28,2026-05-02 02:51:13,ANTENNA 10.1 (ACR=OFF)
2026-05-02 02:53:19,2026-05-02 03:09:27,HDMI (ACR=OFF)
2026-05-02 03:11:33,2026-05-02 03:11:33,ACR toggle: OFF → ON
2026-05-02 03:16:25,2026-05-02 03:35:25,NETFLIX (ACR=ON)
2026-05-02 03:37:32,2026-05-02 03:54:14,ANTENNA (ACR=ON)
2026-05-02 03:56:20,2026-05-02 04:12:28,HDMI (ACR=ON)
2026-05-02 04:14:34,2026-05-02 04:30:34,IDLE (ACR=ON)
2026-05-02 04:32:40,2026-05-02 04:49:25,ANTENNA 14.1 (ACR=ON)
2026-05-02 04:51:32,2026-05-02 05:07:56,FAST (ACR=ON)
2026-05-02 05:10:03,2026-05-02 05:28:12,YOUTUBE (ACR=ON)
2026-05-02 05:30:18,2026-05-02 05:47:03,ANTENNA 10.1 (ACR=ON)
2026-05-02 05:49:10,2026-05-02 06:06:18,TUBI (ACR=ON)
2026-05-02 06:08:24,2026-05-02 06:08:24,ACR toggle: ON → OFF
2026-05-02 06:12:59,2026-05-02 06:32:00,NETFLIX (ACR=OFF)
2026-05-02 06:34:06,2026-05-02 06:50:49,ANTENNA (ACR=OFF)
2026-05-02 06:52:56,2026-05-02 07:09:04,HDMI (ACR=OFF)
2026-05-02 07:11:10,2026-05-02 07:27:10,IDLE (ACR=OFF)
2026-05-02 07:29:16,2026-05-02 07:46:01,ANTENNA 14.1 (ACR=OFF)
2026-05-02 07:48:08,2026-05-02 08:04:32,FAST (ACR=OFF)
2026-05-02 08:06:39,2026-05-02 08:24:48,YOUTUBE (ACR=OFF)
2026-05-02 08:26:54,2026-05-02 08:43:39,ANTENNA 10.1 (ACR=OFF)
2026-05-02 08:45:45,2026-05-02 09:02:54,TUBI (ACR=OFF)
2026-05-02 09:05:00,2026-05-02 09:24:00,NETFLIX (ACR=OFF)
2026-05-02 09:26:06,2026-05-02 09:42:51,ANTENNA 10.1 (ACR=OFF)
2026-05-02 09:44:58,2026-05-02 10:01:22,FAST (ACR=OFF)
2026-05-02 10:03:29,2026-05-02 10:20:14,ANTENNA 14.1 (ACR=OFF)
2026-05-02 10:22:20,2026-05-02 10:39:02,ANTENNA (ACR=OFF)
2026-05-02 10:41:08,2026-05-02 10:57:08,IDLE (ACR=OFF)
2026-05-02 10:59:15,2026-05-02 11:15:23,HDMI (ACR=OFF)
2026-05-02 11:17:29,2026-05-02 11:35:38,YOUTUBE (ACR=OFF)
2026-05-02 11:37:45,2026-05-02 11:54:53,TUBI (ACR=OFF)
2026-05-02 11:56:59,2026-05-02 11:56:59,ACR toggle: OFF → ON
2026-05-02 12:01:51,2026-05-02 12:20:51,NETFLIX (ACR=ON)
2026-05-02 12:22:58,2026-05-02 12:39:43,ANTENNA 10.1 (ACR=ON)
2026-05-02 12:41:49,2026-05-02 12:58:14,FAST (ACR=ON)
2026-05-02 13:00:20,2026-05-02 13:17:05,ANTENNA 14.1 (ACR=ON)
2026-05-02 13:19:12,2026-05-02 13:35:54,ANTENNA (ACR=ON)
2026-05-02 13:38:00,2026-05-02 13:54:00,IDLE (ACR=ON)
2026-05-02 13:56:06,2026-05-02 14:12:14,HDMI (ACR=ON)
2026-05-02 14:14:21,2026-05-02 14:32:30,YOUTUBE (ACR=ON)
2026-05-02 14:34:36,2026-05-02 14:51:44,TUBI (ACR=ON)
2026-05-02 14:53:51,2026-05-02 14:53:51,ACR toggle: ON → OFF
2026-05-02 14:58:26,2026-05-02 15:15:11,ANTENNA 10.1 (ACR=OFF)
2026-05-02 15:17:18,2026-05-02 15:33:18,IDLE (ACR=OFF)
2026-05-02 15:35:24,2026-05-02 15:51:32,HDMI (ACR=OFF)
2026-05-02 15:53:38,2026-05-02 16:10:23,ANTENNA 14.1 (ACR=OFF)
2026-05-02 16:12:30,2026-05-02 16:31:30,NETFLIX (ACR=OFF)
2026-05-02 16:33:36,2026-05-02 16:50:01,FAST (ACR=OFF)
2026-05-02 16:52:07,2026-05-02 17:10:16,YOUTUBE (ACR=OFF)
2026-05-02 17:12:23,2026-05-02 17:29:32,TUBI (ACR=OFF)
2026-05-02 17:31:38,2026-05-02 17:48:21,ANTENNA (ACR=OFF)
2026-05-02 17:50:27,2026-05-02 17:50:27,ACR toggle: OFF → ON
2026-05-02 17:55:19,2026-05-02 18:12:04,ANTENNA 10.1 (ACR=ON)
2026-05-02 18:14:10,2026-05-02 18:30:10,IDLE (ACR=ON)
2026-05-02 18:32:17,2026-05-02 18:48:25,HDMI (ACR=ON)
2026-05-02 18:50:31,2026-05-02 19:07:16,ANTENNA 14.1 (ACR=ON)
2026-05-02 19:09:22,2026-05-02 19:28:23,NETFLIX (ACR=ON)
2026-05-02 19:30:30,2026-05-02 19:46:54,FAST (ACR=ON)
2026-05-02 19:49:01,2026-05-02 20:07:10,YOUTUBE (ACR=ON)
2026-05-02 20:09:16,2026-05-02 20:26:25,TUBI (ACR=ON)
2026-05-02 20:28:31,2026-05-02 20:45:13,ANTENNA (ACR=ON)
2026-05-02 20:47:19,2026-05-02 21:04:04,ANTENNA 10.1 (ACR=ON)
2026-05-02 21:06:11,2026-05-02 21:22:11,IDLE (ACR=ON)
2026-05-02 21:24:17,2026-05-02 21:40:25,HDMI (ACR=ON)
2026-05-02 21:42:31,2026-05-02 21:59:13,ANTENNA (ACR=ON)
2026-05-02 22:01:20,2026-05-02 22:19:29,YOUTUBE (ACR=ON)
2026-05-02 22:21:35,2026-05-02 22:40:35,NETFLIX (ACR=ON)
2026-05-02 22:42:41,2026-05-02 22:59:50,TUBI (ACR=ON)
2026-05-02 23:01:56,2026-05-02 23:18:21,FAST (ACR=ON)
2026-05-02 23:20:27,2026-05-02 23:37:12,ANTENNA 14.1 (ACR=ON)
2026-05-02 23:39:19,2026-05-02 23:39:19,ACR toggle: ON → OFF
2026-05-02 23:43:54,2026-05-03 00:00:39,ANTENNA 10.1 (ACR=OFF)
2026-05-03 00:02:45,2026-05-03 00:18:47,IDLE (ACR=OFF)
2026-05-03 00:20:53,2026-05-03 00:37:01,HDMI (ACR=OFF)
2026-05-03 00:39:07,2026-05-03 00:55:49,ANTENNA (ACR=OFF)
2026-05-03 00:57:56,2026-05-03 01:16:05,YOUTUBE (ACR=OFF)
2026-05-03 01:18:11,2026-05-03 01:37:11,NETFLIX (ACR=OFF)
2026-05-03 01:39:18,2026-05-03 01:56:26,TUBI (ACR=OFF)
2026-05-03 01:58:32,2026-05-03 02:14:57,FAST (ACR=OFF)
2026-05-03 02:17:03,2026-05-03 02:33:49,ANTENNA 14.1 (ACR=OFF)
2026-05-03 02:35:55,2026-05-03 02:53:03,TUBI (ACR=OFF)
2026-05-03 02:55:09,2026-05-03 03:11:55,ANTENNA 14.1 (ACR=OFF)
2026-05-03 03:14:01,2026-05-03 03:30:09,HDMI (ACR=OFF)
2026-05-03 03:32:15,2026-05-03 03:48:40,FAST (ACR=OFF)
2026-05-03 03:50:46,2026-05-03 04:07:29,ANTENNA (ACR=OFF)
2026-05-03 04:09:36,2026-05-03 04:26:21,ANTENNA 10.1 (ACR=OFF)
2026-05-03 04:28:27,2026-05-03 04:46:38,YOUTUBE (ACR=OFF)
2026-05-03 04:48:44,2026-05-03 05:04:44,IDLE (ACR=OFF)
2026-05-03 05:06:50,2026-05-03 05:25:51,NETFLIX (ACR=OFF)
2026-05-03 05:27:57,2026-05-03 05:27:57,ACR toggle: OFF → ON
2026-05-03 05:32:49,2026-05-03 05:49:57,TUBI (ACR=ON)
2026-05-03 05:52:04,2026-05-03 06:08:49,ANTENNA 14.1 (ACR=ON)
2026-05-03 06:10:55,2026-05-03 06:27:03,HDMI (ACR=ON)
2026-05-03 06:29:09,2026-05-03 06:45:34,FAST (ACR=ON)
2026-05-03 06:47:40,2026-05-03 07:04:22,ANTENNA (ACR=ON)
2026-05-03 07:06:29,2026-05-03 07:23:14,ANTENNA 10.1 (ACR=ON)
2026-05-03 07:25:20,2026-05-03 07:43:29,YOUTUBE (ACR=ON)
2026-05-03 07:45:36,2026-05-03 08:01:36,IDLE (ACR=ON)
2026-05-03 08:03:42,2026-05-03 08:22:42,NETFLIX (ACR=ON)
2026-05-22 23:24:23,2026-05-22 23:39:52,SCREENCAST (ACR=ON)
2026-05-22 23:41:59,2026-05-22 23:57:27,SCREENCAST (ACR=ON)
2026-05-23 00:04:09,2026-05-23 00:19:37,SCREENCAST (ACR=OFF)
2026-05-23 00:21:44,2026-05-23 00:37:12,SCREENCAST (ACR=OFF)
2026-05-23 00:49:54,2026-05-23 01:05:23,SCREENCAST (ACR=ON)
2026-05-23 01:17:49,2026-05-23 01:33:18,SCREENCAST (ACR=OFF)
2026-05-23 01:39:22,2026-05-23 01:54:51,SCREENCAST (ACR=OFF)
2026-05-23 02:05:46,2026-05-23 02:21:15,SCREENCAST (ACR=ON)
2026-05-23 02:32:15,2026-05-23 02:47:43,SCREENCAST (ACR=OFF)
2026-05-23 02:58:59,2026-05-23 03:14:28,SCREENCAST (ACR=ON)
2026-05-23 03:22:19,2026-05-23 03:37:48,SCREENCAST (ACR=ON)
2026-05-23 03:50:14,2026-05-23 04:05:42,SCREENCAST (ACR=OFF)
2026-05-23 04:12:08,2026-05-23 04:27:36,SCREENCAST (ACR=OFF)
2026-05-23 04:39:08,2026-05-23 04:54:37,SCREENCAST (ACR=ON)
2026-05-23 05:05:16,2026-05-23 05:20:45,SCREENCAST (ACR=OFF)
2026-05-23 05:31:40,2026-05-23 05:47:09,SCREENCAST (ACR=ON)
2026-05-23 05:53:57,2026-05-23 06:09:26,SCREENCAST (ACR=ON)
2026-05-23 06:20:49,2026-05-23 06:36:18,SCREENCAST (ACR=OFF)
2026-05-23 06:51:21,2026-05-23 07:06:50,SCREENCAST (ACR=ON)
2026-05-23 07:21:37,2026-05-23 07:37:06,SCREENCAST (ACR=OFF)
2026-05-23 07:48:22,2026-05-23 08:03:51,SCREENCAST (ACR=ON)
2026-05-23 08:14:51,2026-05-23 08:30:19,SCREENCAST (ACR=OFF)
2026-05-23 08:37:08,2026-05-23 08:52:37,SCREENCAST (ACR=OFF)
2026-05-23 09:04:17,2026-05-23 09:19:45,SCREENCAST (ACR=ON)
2026-05-23 09:34:33,2026-05-23 09:50:01,SCREENCAST (ACR=OFF)
2026-05-23 10:05:05,2026-05-23 10:20:34,SCREENCAST (ACR=ON)
2026-05-23 10:26:13,2026-05-23 10:41:42,SCREENCAST (ACR=ON)
2026-05-23 10:51:56,2026-05-23 11:07:25,SCREENCAST (ACR=OFF)
2026-05-23 11:13:50,2026-05-23 11:29:19,SCREENCAST (ACR=OFF)
2026-05-23 11:40:36,2026-05-23 11:56:04,SCREENCAST (ACR=ON)
2026-05-23 12:07:01,2026-05-23 12:22:30,SCREENCAST (ACR=OFF)
2026-05-23 12:33:43,2026-05-23 12:49:12,SCREENCAST (ACR=ON)
2026-05-23 12:59:25,2026-05-23 13:14:53,SCREENCAST (ACR=ON)
2026-05-23 13:29:41,2026-05-23 13:45:09,SCREENCAST (ACR=OFF)
2026-05-23 13:56:23,2026-05-23 14:11:51,SCREENCAST (ACR=ON)
2026-05-23 14:22:48,2026-05-23 14:38:17,SCREENCAST (ACR=OFF)
2026-05-23 14:49:34,2026-05-23 15:05:02,SCREENCAST (ACR=ON)
2026-05-23 15:16:02,2026-05-23 15:31:31,SCREENCAST (ACR=OFF)
2026-05-23 15:37:36,2026-05-23 15:53:04,SCREENCAST (ACR=OFF)
2026-05-23 16:04:00,2026-05-23 16:19:28,SCREENCAST (ACR=ON)
2026-05-23 16:30:29,2026-05-23 16:45:57,SCREENCAST (ACR=OFF)
2026-05-23 16:57:14,2026-05-23 17:12:42,SCREENCAST (ACR=ON)
2026-05-23 17:22:55,2026-05-23 17:38:24,SCREENCAST (ACR=ON)
2026-05-23 17:53:11,2026-05-23 18:08:40,SCREENCAST (ACR=OFF)
2026-05-23 18:14:45,2026-05-23 18:30:13,SCREENCAST (ACR=OFF)
2026-05-23 18:41:09,2026-05-23 18:56:37,SCREENCAST (ACR=ON)
2026-05-23 19:08:01,2026-05-23 19:23:29,SCREENCAST (ACR=OFF)
2026-05-23 19:35:09,2026-05-23 19:50:38,SCREENCAST (ACR=ON)
2026-05-23 19:57:03,2026-05-23 20:12:32,SCREENCAST (ACR=ON)
2026-05-23 20:23:33,2026-05-23 20:39:01,SCREENCAST (ACR=OFF)
2026-05-23 20:49:32,2026-05-23 21:05:00,SCREENCAST (ACR=ON)
2026-05-23 21:15:15,2026-05-23 21:30:43,SCREENCAST (ACR=OFF)
2026-05-23 21:41:57,2026-05-23 21:57:25,SCREENCAST (ACR=ON)
2026-05-23 22:08:22,2026-05-23 22:23:51,SCREENCAST (ACR=OFF)
2026-05-23 22:30:40,2026-05-23 22:46:08,SCREENCAST (ACR=OFF)
2026-05-23 22:57:48,2026-05-23 23:13:17,SCREENCAST (ACR=ON)
2026-05-23 23:24:14,2026-05-23 23:39:43,SCREENCAST (ACR=OFF)
2026-05-23 23:50:56,2026-05-24 00:06:25,SCREENCAST (ACR=ON)
2026-05-24 00:12:51,2026-05-24 00:28:19,SCREENCAST (ACR=ON)
2026-05-24 00:39:20,2026-05-24 00:54:48,SCREENCAST (ACR=OFF)
